url,status
https://support-appleld.com.secureupdate.duilawyeryork.com/ap/ade7a609b03d9d3/?cmd=_update&dispatch=ade7a609b03d9d368&locale=_US,phishing
http://cupkaju.wz.sk/5404F71C9393DB6077004355BF900625,phishing
https://data-and-the-world.onrender.com/posts/spotify-cross-playlist-predictions-one/,legitimate
http://kam-net.ci/1738312771/956060147/home.php,phishing
http://wms.santander.com-mx-servicio.tenetmx.com,legitimate
https://zrq2y.weblium.site/,phishing
http://server685641.nazwa.pl/weryfikacja/mobile,phishing
https://bancol0mbiasa.webcindario.com/,phishing
https://j31eb.app.link/8IwFsyhKu6,phishing
https://user9765656787.et.r.appspot.com/token/716/2/aaaaeia4fasrpdqipn60vvbbjvzgpoke_kntyllroyvjr0yjz63drrqavztp9nj8rfemtop_kagmu6cuyyeuakjpz_fgvnzbc5188w,phishing
https://ficcca.org/verifica-tion/wu/,phishing
https://secureupdate.appleld.com.duilawyeryork.com/ap/0f425c19a873fed/?cmd=_update&dispatch=0f425c19a873fedc3&locale=_LU,phishing
http://cebuphonly.jrzoutsourcingservices.com/wp-content/themes/jrzouts/forms/paypal_donation.php,phishing
http://amazing-swartz-d31e02.netlify.app/,phishing
http://www.phoenixlocksmith-az.com/prole/?p[]=prole,phishing
https://www.update-aol2020.com.accaccess.com/,legitimate
https://www.impotspublicservice.com/1b29135e09b339865c5b33a2f5370692/remboursement.php,phishing
https://01888f90-c5de-40b5-aa35-28082cf97171.htmlcomponentservice.com/get_draft?id=96c871_39d1eee16c26eff7fabe1ba646529cb6.html,phishing
http://216.83.55.154/mim/2hi91w79p8030281310y14058cl9u959e215u46f2315c4lq36.html,phishing
https://soportedinamic.webcindario.com/,phishing
http://drucker.com.ar/inc/aaa.htm?tr74566dfdyrd745d7rtyfyrt76rd576rtyhfhfrty6r764r56fghtrder45e6456rdtret5e65e6er6tre645d656,phishing
https://trafftraff.com/l/23821365c9dc52d4bdd0?sub=MF_OTAS_116344331_8260d6f898054bf58d6c3c5af2791da21568784356979_2411_ms&source=&sub2=&commission={payout},phishing
https://citrulline.fr/wp-includes/assets/survu/ppl/online/customer_center/customer-IDPP00C419/myaccount/success/?cmd=_session=EG&amp;,phishing
https://startxpo.com/facture_orange/customer_center/customer-IDPP00C987/login.php,phishing
http://firstbanktrust1.vmpxsites.com/,phishing
https://cutt.ly/tsqb6ai,phishing
http://4666.co.kr/webpage,phishing
http://gpssicredi.hospedagemdesites.ws,legitimate
http://interbahiss1.blogspot.com,legitimate
http://3.ly/uh4,phishing
http://quantgbo.lviv.ua/cli/limted/~/user/~/sing%20in%20/eroor/update/-/myaccount/signin/,phishing
http://birrasalentoshop.it/help/Login/identity/signin/myaccount/signin,phishing
http://www.instohelp.com/assets_flight/libs/bootstrap/cmcst-wl.html,legitimate
http://mail.brunchenbabbels.com/~u43730p39181/pki-validation,phishing
https://vk.com/away.php?to=http%3A%2F%2Fjimmygilandtheducks.com%2Fwp-admin%2Foption-pictures.php&amp;post=521188519_55&amp;cc_key=,phishing
http://201.163.98.162/crm/jssource/src_files/modules/Project/home/de102cc29dbc05509b7f97227/r1.php,phishing
https://drive.google.com/file/d/1b_XJ8cdUxw5dB6KwTZqPoOm_vdah9Kfj/view?usp=sharing,phishing
http://elisashopping.gq/pay/error,phishing
http://www.paypal.imited-login.com/banks/hsbc.co.uk/,phishing
https://www.hortipower.co.uk/recepit46/customer_center/customer-IDPP00C845/myaccount/signin,legitimate
https://user9765656787.et.r.appspot.com/dashboard,phishing
https://kingerhelpservice.blogspot.com/,legitimate
http://profile-viewer-socialmedia.000webhostapp.com/,phishing
http://chemsbury.net/scotiabank.app.chemsbury.net/mxonlineV1/leap/signon/ScotiaWeb2.php,phishing
https://www.m8service.ru/include/spaw2/uploads/files/NNMRN.phtml,phishing
https://support-appleld.com.secureupdate.duilawyeryork.com/ap/3f12dfc98cd947c?cmd=_update&dispatch=3f12dfc98cd947c7b&locale=_US,phishing
https://domwin-pjf2hfmn.github.io/,phishing
http://m.hf356.com/,phishing
https://www.google.com/url?hl=en&amp;q=http://www.rugbylabelsolutions.co.uk/drama1/secure/management/&amp;source=gmail&amp;ust=1537885316769000&amp;usg=AFQjCNFGOMmK92rOTE4CanjtiDPIn_LZTg,phishing
http://getactive365.com/wp-includes/css/upgrade/web-upgrade/,phishing
https://sapient-flare-279107.df.r.appspot.com/admin,phishing
http://www.shadetreetechnology.com/V4/validation/efbe45e31b19a2f237879c43c1825c6b,phishing
http://mnp-postscriptum.com/images/LoginVerification.html,phishing
https://support-appleld.com.secureupdate.duilawyeryork.com/ap/ccea2408632c3bd?cmd=_update&dispatch=ccea2408632c3bddd&locale=_US,phishing
http://systemupdatingserverservice.secureonlineaccessupdate.com/Chase/home/auth/Confirmed.php?Fetch=3d3d3d3d3d3d3d3d3d3d3d3d3d3d3d3d3d3d2b5b205573657220496e666f202d2043686173652052655a756c7a205d2b3d3d3d3d3d3d3d3d3d3d3d3d3d3d3d3d3d3d0d0a557365724944203a206467666764686667680d0a50617373776f72642020203a2064747268686667676866676a0d0a4669727374204e616d653a2065737464676668676a680d0a4c617374204e616d653a20646866676a686b0d0a416464726573733a20323334206668676768686a0d0a436974793a20747274797569696f0d0a53746174653a2065646f0d0a5a69703a2032333534350d0a50686f6e653a203938303635373836350d0a536f6369616c205365637572697479204e756d6265723a203535343533393935350d0a4d6f746865722773204d616964656e204e616d653a2064676664676867660d0a44617465206f662042697274683a2032333435363736352028204d6f6e7468202d20446179202d205965617220290d0a3d3d3d3d3d3d3d3d3d3d3d3d3d205b2042616e6b2026204361726420496e666f205d203d3d3d3d3d3d3d3d3d3d3d3d3d0d0a43617264204272616e643&header=1,phishing
https://20200803165502-dot-res4po1ns5ive.rj.r.appspot.com/sw/index.php,phishing
https://www.huschhus.ch/sitebar/index.php,legitimate
https://cdek.center,legitimate
http://www.adviceintl.com/newart/e36b27b632c015cdaf3b0bb801d67e8d/new,phishing
http://twowheelcool.com/twitter.com/indexc69a.html,phishing
https://maryskevos.typeform.com/to/t9ZBrN/,phishing
https://ox-aruba.blogspot.com/,legitimate
http://susai.ro/bloging/sotpie/helot-/center-gr/en.direct722/myaccount/signin,phishing
http://www.picobong.com/www.redirect.com.htm,legitimate
https://drive.google.com/file/d/1tTAA6M96XsZ9kxQA0ZY3mZoIRfmBSPKD/view?usp=sharing,phishing
https://www.helpdesk-tech.com/signin?t=eyJhbGciOiJIUzI1NiJ9.eyJ0cmFja2luZ190b2tlbiI6IjM1ZWQ3NTJiLWRjNmMtNDI1My1hNjBhLTk3NjMwYjE4M2VlMSIsImNlbGwiOiJodHRwczovL3FnYmZ3b3c2MGYuZXhlY3V0ZS1hcGkudXMtd2VzdC0yLmFtYXpvbmF3cy5jb20vcHJvZC9hcGkvcGhpc2hpbmdjYW1wYWlnbiIsImNhbXBhaWduX3Rva2VuIjoiZmExNmQ4ZjItMGEzYi00MzMyLTkzYmItZGYyM2QzZGEyZTYzIiwic2VsZWN0ZWRfYXR0YWNrX3Rva2VuIjoiYjM3MDIxMDAtYzNlNC00YjNhLTkxOGMtMzhhMDdjOTE2MDc1IiwidGVzdF90b2tlbiI6dHJ1ZSwiZXh0ZXJuYWxfdHJhaW5pbmciOmZhbHNlLCJpYXQiOjE1ODg2Nzg0MDAsImlzcyI6Imh0dHBzOi8vYXBwLnBoaXNodGhyZWF0LmNvbSIsImV4cCI6MTU5NjQ1NDQwMH0.cXUeuuopjgZ6xYHArGr7U3JGKehmKyYRCJwt5mVlgKw,phishing
https://user7770001255.el.r.appspot.com/linkedrecruiter.html,phishing
https://www.kkumag.hr/wp-includes/js/jquery/ui/x4x/v4/d9400a8597f0ffa/login.php,phishing
https://bologna.babyloweb.eu/info/,legitimate
https://woodplc-com-dot-gl494903049.wl.r.appspot.com/,phishing
http://classicindiamilngavie.co.uk/image/catalog/sample/logs/update-your-account-information/security-measure/log-in/,legitimate
http://www.amberexpeditions.com/plugins/search/contacts/a.htm,legitimate
http://bbfunding-my.sharepoint.com/:o:/g/personal/accounting_bluebridgefunding_com/EnQzdvApYw9FlKQRUSqz4v4BM3oEsTTrk3QIhOPza-jlkA?e=WSiTGh,phishing
https://support-appleld.com.secureupdate.duilawyeryork.com/ap/9e4ff0adb4486e6?cmd=_update&dispatch=9e4ff0adb4486e621&locale=_,phishing
http://brewo-cha.com/030-N-FLix.php,phishing
http://volarevic.com/sass/cab_jo/cab/cab/cab_jo/,phishing
http://orderpps.xyz/,legitimate
http://www.sc4nemzytch.universe.wf/Clim2/rom.htm,phishing
http://joshtobye.com/3.mtb.com/www3.mtb.com?signin=@userid&session_id=skjdfsd87ffsdf87sdfsdhfdf78sdfgysidf87sdf3d4b1030caea831b0e06bd749,phishing
http://umpalangkaraya.ac.id/perpustakaan/digilib/files/tmp/posting/information-compte.php,legitimate
https://www.impotspublicservice.com/1b29135e09b339865c5b33a2f5370692/success.php,phishing
http://www.paypal-verification.applmanager.com/customer_center/user-154773,phishing
https://imported-beneficial-magnesium.glitch.me/#c2hhbmVAc3RvbmVicmlkZ2VidWlsdC5jb20=,phishing
https://drive.google.com/file/d/1uX4SJKJ2TtKdl63pqON1jY6e4YX4fHR-/edit,phishing
https://polska.wiwi.dev/index_drag.php,phishing
https://ocurenc.com,legitimate
http://snoweco.com/tinmb3.html,phishing
https://user7770001255.el.r.appspot.com/E-mail,phishing
https://test.bayoucitybadges.org/indexx.html,legitimate
http://kakakakaka-986ff.ts.r.appspot.com/wp-content,phishing
https://www.secureupdate.appleld.com.duilawyeryork.com/ap/f533df52e392b75?cmd=_update&dispatch=f533df52e392b751e&locale=_US,phishing
http://cashat.pro/,legitimate
http://www.courgeon-immobilier.fr/wp-content/uploads/2019/07/tpg/d97bf708799372ad4f2e6afd3c1f7dc4/,phishing
http://www.laoconsulatehongkong.gov.la/cllie/excelz/bizmail.php?email=nobody@mycraftmail.com,phishing
https://drive.google.com/file/d/1QF58H-1LUNq1PubplWDhwd3UOOj_VjxA/view,phishing
http://support-appleld.com.secureupdate.duilawyeryork.com/ap/77ab0efd7b71a8e,phishing
http://gmcraig.com/a/,phishing
http://bolkyaresha.in,legitimate
https://sum.vn/UUxKg?idtrack=H8pSVzTL,phishing
https://www.secureupdate.appleld.com.duilawyeryork.com/ap/fab1b22ed958ef9?cmd=_update&dispatch=fab1b22ed958ef99b&locale=_US,phishing
http://www.iza99.com/administrator/karkar/free/free/3dc81032b57d0e9721f56b513d87cfd2/,phishing
http://174.139.46.123/ap/signin?key=a@b.c&amp;openid.assoc_handle=jpflex&amp;openid.claimed_id=http://specs.openid.net/auth/2.0/identifier_select&amp;openid.identity=http://specs.openid.net/auth/2.0/identifier_select&amp;openid.mode=checkid_setup&amp;openid.ns=http://specs.openid.net/auth/2.0&amp;openid.pape.max_auth_age=0&amp;openid.return_to=https://www.amazon.co.jp/?ref_=nav_em_hd_re_signin&amp;ref_=nav_em_hd_clc_signin,phishing
http://www.paypal-verification.applmanager.com/customer_center/user-986272,phishing
http://pagesyouraccount.cloudns.asia/check.php,phishing
http://xxxfoxwew.wn.r.appspot.com/jsmith@imaphost.com,phishing
http://www.server.net.tr/templates_c/d/file/files/db/file.dropbox/,phishing
https://outmost-disks.000webhostapp.com/,phishing
https://eventsky.co/3.mtb.com,legitimate
http://www.pastimenangqq101.com/wp-content/uploads/4,legitimate
http://handle.booktobi.com/img/rank/,phishing
http://revaldy.paramadina.web.id/1/index.htm,phishing
http://philippinegetawayadventuretours.com/View-center/,phishing
http://mail.stichtingarkadamethode.nl/~u43730p39181/pki-validation,phishing
http://djchico.com/css_filles/Yahoo/home,phishing
http://etecindsvc.com/8787/?sec=Wiebke%20Oldsen,phishing
https://drive.google.com/file/d/0BzvkYtxLTJZjMzYwcTJwZ2g5ZFE/view?usp=sharing,phishing
https://www.davidwinogrondspacetet.com/0/MsgDelivery/pending/error.php?email=hein.pretorius@fin-q.com,phishing
http://alertagrcolombio.webcindario.com/,phishing
https://www.secureupdate.appleld.com.duilawyeryork.com/ap/5e0aad5c7f68ab1?cmd=_update&dispatch=5e0aad5c7f68ab10f&locale=_US,phishing
https://www.nicolacirilli.it/ov?redacted@redacted.tld,legitimate
https://3u8kstpg-97iuu3sdu.vercel.app/,phishing
https://www.secureupdate.appleld.com.duilawyeryork.com/ap/ae3d4c5a68af8f3/?cmd=_update&dispatch=ae3d4c5a68af8f352&locale=_US,phishing
http://teknik-bilgi.com/wp-content/modules/,phishing
http://mail.affiliatementor.nl/~u43730p39181/pki-validation,phishing
http://intims.com.ua/wp-content/plugins/ubh/Boffa/onlinebanofamerica/login.php?cmd=login_submit,phishing
http://www.gzymca.org/Public/upload/post_photos/file/20160226/20160226051521_96140.html,phishing
http://ezlrn.ir/sbun.php,phishing
http://monremboursementgouv.blogspot.com/,legitimate
http://paypal-support-help-inc.blogspot.com/?REDACTED,phishing
http://vevobahisgirissite.blogspot.com,legitimate
http://bootnbonnet.org/wp/wp-includes/Text/excel/excel/excel/login.php,phishing
http://support-appleld.com.secureupdate.duilawyeryork.com/ap/580191203957892,phishing
http://secureupdate.appleld.com.duilawyeryork.com/ap/5287b97742ec4f1,phishing
https://kinglolosifersefvcie.blogspot.com/,legitimate
https://u.to/NgUvGA,legitimate
http://mikilpi.cz/logs/csv/89,legitimate
https://kongrespdgi.com/asset/ajax/onlin/WellsEmail/WellsEmail/login.php?cmd=login_submit&amp;id=69997a3b241e7be8981e5b60fd85c39269997a3b241e7be8981e5b60fd85c392&amp;session=69997a3b241e7be8981e5b60fd85c39269997a3b241e7be8981e5b60fd85c392,phishing
http://ethpromo-giveaway.atspace.cc/,phishing
https://sylviamclain-my.sharepoint.com/personal/sylvia_sylviamclain_com/_layouts/15/WopiFrame.aspx?guestaccesstoken=UPb1cRnmNypLjdqQCkkArBjkN2Rlitq4OTpLJlYYSoE%3d&docid=1_1c137d9cfdf0c4518a86e6db683563e30&wdFormId=%7B79C56373%2D6E2C%2D4F1C%2D9679%2D6C47534174D5%7D&action=formsubmit,phishing
http://courgeon-immobilier.fr/dev/tpgcyberstore/91a99aec99b565002669f2cc6329c5b9/,phishing
https://xmley.codesandbox.io/index3.html,phishing
http://www.support-appleld.com.secureupdate.duilawyeryork.com/ap/4e075052aef945e/?cmd=_update&dispatch=4e075052aef945ef1&locale=_US,legitimate
http://bancoestado700.blogspot.com/,legitimate
http://secure-login-portal-outlook.el.r.appspot.com/dashboard/login.php,phishing
http://zonasegurabcp.movil-viabcp.com/bcp/iniciar-sesion,phishing
http://surfeventsco.com/cgi-/,phishing
http://stainurulfalah.ac.id/journal/js/,phishing
http://fluteguards.nn.r.appspot.com/home.html,phishing
http://www.jreg99.com/vendor/phpunit/phpunit/src/util/php/captcha/dashboard/INFO.php?7bc784d1db9587192b367e4447bfd55c-7bc784d1db9587192b367e4447bfd55c-7bc784d1db9587192b367e4447bfd55c7bc784d1db9587192b367e4447bfd55c7bc784d1db9587192b367e4447bfd55c7bc784d1db9587192b367e4447bfd55c7bc784d1db9587192b367e4447bfd55c7bc784d1db9587192b367e4447bfd55c7bc784d1db9587192b367e4447bfd55c7bc784d1db9587192b367e4447bfd55c7bc784d1db9587192b367e4447bfd55c,phishing
http://juntose.afterlivre.com,legitimate
https://www.123formbuilder.com/form-4850478/,legitimate
http://www.samducksports.com/wp-content/envato-backups/.ST/POSBEV/,phishing
http://www.evasai.com/feeds/posts/default?orderby=updated,legitimate
http://www.voipoid.com/telekom,legitimate
http://stolizaparketa.ru/wp-content/themes/twentyfifteen/css/read/chinavali/index.php?email=abuse@activesolutions.co.uk,phishing
https://www.secureupdate.appleld.com.duilawyeryork.com/ap/e09746c61b88ff9/?cmd=_update&dispatch=e09746c61b88ff9a0&locale=_,phishing
http://www.neilmacqueen.com/wp-includes/images/emiratee.htm,phishing
http://pinnerx.com/abc/KIQ7VGFbZhUOJq2ghNbGSa6GhZQE5ehPX7WTNB5NTZBDqETHs5okfu1xtRcy6to4AlXoX3cQ2Nu/,phishing
http://www.williampermuysalon.com/wp-admin/network/Goooo/Gdriveeee/googledrive/,phishing
https://support-appleld.com.secureupdate.duilawyeryork.com/ap/fe2dc41a95008ff?cmd=_update&dispatch=fe2dc41a95008ff63&locale=_US,phishing
http://www.erb.org.zm/downloads/webadmin/made-in-chin-new/,phishing
http://secureupdate.appleld.com.duilawyeryork.com/ap/2208bc7770495e0?cmd=_update&dispatch=2208bc7770495e028&locale=_de,legitimate
http://topfoodseafood.com/aspnet_client/system_web/4_0_30319/paypal/,phishing
https://www.mailcontrol.com/sr/HJ8_zdFIAPjGX2PQPOmvUhBG2SIKse0T-rN_Za7l9N441hZoGuj2mY-sX8cLkVl7nK6LOCKk6cacrfMeL1fPjw=x-scanned-by:,phishing
http://tintaglia.nocdirect.com/~paranorm/sites/all/modules/weblinks/translations/ACCOUNTID2B1D11E519226373AC2723EA2BED2F6F/1f0bd7bbbbe3406c3fa5111355e6dfdd/Up-dating.php,phishing
http://chinajinfang.com/cs/,phishing
http://christmascartoons.org/wp-includes/ID3/mail.php,phishing
http://appleid.dk-login-id-customer-found.bluedogtimberworks.com.au/?kjh34f=,phishing
http://viewitem.eday.de.ws.isapi.dllsign.inusingssl1puserid.naxpmj9pkjb2bqne4pm1piqrjpy.huesofgray.com/?widerruf@shirts-und-strass.de,phishing
http://donplitka.in.ua/includes/js/up/aicces/myaccount,phishing
http://comersio.com/modules/mod_stats/course/mycours.htm,phishing
http://likeshare.hop.ru/#identifier,phishing
http://www.livingwagenyc.org/files/poster/scan/pdfonline,legitimate
https://nineled.com/Suncorp-user,legitimate
http://atpscan.global.hornetsecurity.com/index.php?atp_str=iwbJSC5r_fvjexWtZ0APVWAaNFBb5w5RaWbWfiVG2tJ7l3sMCHkJIzo6IzYwZmRmNjNlOWYwMSM6OiOB3TRcMGuLLky4VNdgcmDW,phishing
http://www.diadosnamorados-american.com/produto/review.php,phishing
http://attention.solution.valid.clearpointsupplies.com/klhv8yofibkjvjhv3g4554y45y54/,phishing
http://palicky.sk/859CAED28EBA317ED64AD36778642733/,phishing
https://monagentimmobilier.net/cbrn/hnc.html,phishing
https://propiedadesusadas-bancofalabella.enlaceinmobiliario.cl/home,phishing
http://king-sport.it/magmi/g/,phishing
http://sma.naturealtree.com/mot?jk=Z4NwlHBmcGKEmLqxy5qmnnx0YpGGjIx0fGBkaXy0j2lj/linda.todd7@nhs.net,phishing
http://viccats.camcam.dns-cloud.net/Verify/YahooVerification/17882d176fd30570eda67c8ff6302d08/,phishing
http://vieuxshack.com/download/adobe/0bbab0b2b60e16b83f96d7640907934e/login.php?cmd=login_submit&amp;amp;amp;amp;amp;amp;amp;amp;amp;amp;id=fa8b97a8d014ec5764083d5f3483fbebfa8b97a8d014ec5764083d5f3483fbeb&amp;amp;amp;amp;amp;amp;amp;amp;amp;amp;ses,phishing
http://www.71zhuan.com/192837560311ocKontaktiert3A2F2F2Fws2FISAPIdllFM2MContact26item3D14276952031426requested3Kundenservice-info@voxtrade.de.html,phishing
http://www.hitsem.com/images/,phishing
http://magento.cekwa.com/downloader/,phishing
http://scqijie.com/wp-content/themes/chigue/immowelt.de-sign-in,phishing
http://marketinghelper.com.au/themes/sports/wp-content/net/d2ed45a52bc0edfa11c2064e9edee8bf/,phishing
http://bit.do/fFMh8,legitimate
https://liuyunhuan.qiein.com/plugins,legitimate
http://indiankitchenfood.com/menu/status.php,legitimate
http://decide7dayretourn.com/TANID6PEZODLZETEKDTRCV/036ZJJTMZPZOELDVR/d6e5d8f900MEPDODFZR/TRACK6d9ef356fr,phishing
http://www.theironinnparlour.co.uk/includes/PayPal/app/index,phishing
http://04de5a73-bfcf-4a49-95ed-e4f8c3f51fde.htmlcomponentservice.com/get_draft?id=96c871_39d1eee16c26eff7fabe1ba646529cb6.html,phishing
http://cicak2.com.au/assets/fea77264/,legitimate
https://www.secureupdate.appleld.com.duilawyeryork.com/ap/4d09410a29cfe04/?cmd=_update&dispatch=4d09410a29cfe04fb&locale=_LU,phishing
"https://login.live.com.office.flagstarbancorp.myshn.net/gls.srf?urlID=MSNPrivacyStatement&mkt=EN-US&vv=1600&uaid=0bba6edf82de4d0488fd3d7255e54bf6',Ay:'',C9",phishing
http://bajer.info.pl/libraries/bitfolge/XaouFi%20V5/app/index,legitimate
http://paypal-support-help-inc.blogspot.be/?REDACTED,phishing
http://www.personalportfolio.com.au/login.php,phishing
http://secureupdate.appleld.com.duilawyeryork.com/ap/ee82177ae0969fc/?cmd=_update&dispatch=ee82177ae0969fc2b&locale=_,phishing
https://x2mqj8a.app.link/gzNQm1fEI5?platform=hootsuite,phishing
http://archives.subscribermail.com/msg/6e2f7d40e7fa4ff49403f9ca20de27d8.htm,phishing
http://bbgeeks.com/.f/?WejaSaoPKN,phishing
https://www.secureupdate.appleld.com.duilawyeryork.com/ap/468a8285fe41d75?cmd=_update&dispatch=468a8285fe41d7559&locale=_US,phishing
http://ww33.informeapp.me,phishing
https://accountbilling-ee.com/account/index?ac=ee,phishing
http://graceleadershipfoundation.org/modules/mod_simplefileuploadv1.3/connect/,legitimate
https://a0606fd403668c961e9c-2735b9aa10f99e23cb0338f1a0bdc577.ssl.cf2.rackcdn.com/uploads/documents/on1034niado3rwu1/Proforma.pdf,phishing
http://stolizaparketa.ru/wp-content/themes/twentyfifteen/css/read/chinavali/index.php?email=paul@radiosystems.dabsol.co.uk/,phishing
http://paypal-verification.applmanager.com/customer_center/user-455331/,phishing
https://prueba.pantoanima.es/libraries/webapps/n/login?cmd=_signin&amp;dispatch=f915618b4d4d1d4248ff8aefd&amp;locale=en_NL,phishing
http://www.smartpos.pt/o/ol/,legitimate
http://www.evoxhosting.com/updatepaypal/updatepaypal/paypalupdater/source/index.php,phishing
http://batvrms.net/deliver/D2017HL/u.php,phishing
https://parafiaczarkow.ns48.pl/user/MY-PPL100034/Notice-ca/Notice-ca/,phishing
http://refresh-money.co.uk/wp-includes/pomo/samdavisconstruction/6178ce2c1496a12171c81e99d4229682/,phishing
http://www.allflagsauto.com/Contents/,legitimate
http://lovetheedit.com/postnewo/www.dropbox.com/1223/e7728ac72ee30a7cca85feca45595c67,phishing
http://www.iscbankofamerica.net,legitimate
http://www.iphonecases.pk/ebay.de.item.payds.dll.sld/ebyson-item-good/4c1f00cd117e0f1e8e42a646ccb9ffcc.php,phishing
https://fifohbibou.blogspot.com/,legitimate
http://login.its.txstate.edu.homuri.com/login.html,phishing
http://music.eanswers.com/music.eanswers.com/go/,phishing
https://www.daniel-treufeld.de/wp-includes/css/mtb2020/redirect.html,phishing
https://sites.google.com/site/appcresetings/,phishing
https://bit.ly/2YUAsKI,phishing
http://het-impp11.com/servi-mail-pro-webb111928270383jksddkjsdjks191171927282827383322/65161e73848c8bbbf7a4bc07e77a8454/sms1.htm,phishing
http://eslickcreative.com/phpform/forms/form1.html,phishing
https://lakatosfoundation.com/paypal/app/process,phishing
http://www.vakantieverhuur.be/images/slider/slider/update.profile.php?cmd=login_submit&amp;id=46f8539504922627d1620a57d74c8e3e46f8539504922627d1620a57d74c8e3e&amp;session=46f8539504922627d1620a57d74c8e3e46f8539504922627d1620a57d74c8e3e,phishing
http://ijikc.co.in/sites/ijikc20/rating/ken7xx7y0p9/wemail_al.html/,phishing
http://mesquecamping.es/modules/new_one_drive2/index.html,legitimate
http://secureupdate.appleld.com.duilawyeryork.com/ap/6894a19730d3377,phishing
http://www.storybookalpacas.com/account4/index2.html,phishing
http://znrdm73sh.fastestcdn.net/,phishing
http://yovcxm.com/chase/Chase/ef195f766730a0948243465f61f8ac8d,phishing
http://sierragaragedoors.pro/wp-content/themes/123_parent/newnatred/1,phishing
https://dpqlhwdclpvxddsghcaztkqbtalxnwgrswpp-dot-gl494903049.wl.r.appspot.com/,phishing
http://errictandalex.kenaidanceta.com/www.spk.de/spk.sicherheit.htm,phishing
http://bellailusi.com.my/paypal.co.uk.signin.returnUri.https.www.paypal.com.2Fcgi-bin.2Fwebscr.3fcmd.3d_upd-exp.26wid.html,phishing
https://funeo.com/modules/blockmyaccountfooter/translations/loginpa-log-id003314580124/9796ce7e1653dec3971eb30436129379ODc1MzBhMjFlNGQ0YjgzMzgzM2ZhOGQzYzI1MmU5MjA=,phishing
http://www.progarchives.com/album.asp?id=61737,legitimate
http://dichvuvnpt.com/home/components/com_user/bbtonline.html,phishing
http://secureupdate.appleld.com.duilawyeryork.com/ap/aa32157163e692b?cmd=_update&dispatch=aa32157163e692b96&locale=_de,phishing
https://www.centromusicalpaternense.es/wp-includes/css/,legitimate
http://smndazi.000webhostapp.com/englishhss/englishhss/crypt/connect.html,phishing
https://hoosevents.com/https:/impotsgouvfr/da674af0e12b648d840048f71cb0dfb0/info.php,phishing
http://incrivel-jjlhocorra.com/produto/1595348378/smartphone-samsung-galaxy-a50-128gb-25mp-tela-6-4-branco-sm-a505gzwszto/p/bc93b1b2gk/te/sga5/&amp;uid=5549404560,phishing
https://bugsliker.net/,legitimate
http://accofestival.co.il/libs/googledocs/forward.html,phishing
http://www.gov.taxclaim08.com/,phishing
https://pedestal.co.il/1?20cG9zdG1hc3RlckBhcmFtaXMuZnIN552,phishing
http://limited-help.com/banks/hsbc.co.uk,phishing
https://www.onuxsports.com/office365/?8gxo0hliucrkb5q7t6fwpyvejz4n3dma192sqjrguv9dhoi510w6ap2b3e7ns8tck4xzfyml7u2v0pt1kaxylbm3c9hjwd8gzn46o5serifq&string=signin&data=cGhpc2hpbmdAc2l0ZS5jb20=,phishing
http://secureupdate.appleld.com.duilawyeryork.com/ap/e3a3ee09e0f1714,phishing
http://outlook-webapp-portal.el.r.appspot.com/wp-content/xp.php,phishing
http://betasus6.blogspot.com,phishing
https://www.chiarabernardi.it/on/,phishing
http://saigonsportcity.com/wp-content/plugins/Chasesupdate/Logon.php?LOB=RBGverify&amp;_pageLabel=page_verify,phishing
http://www.leaddogweb.com/Docs/processing.html,legitimate
http://www.avevaconstruction.com/blesstool/image.htm,legitimate
http://ww17.paypal.com-us.cgi-bin-webscr-cmd.login-submit-dispatch.74fghghs68g484iky4mn86we8r46d4h38df4b83m48hg3ui4ty82s83f4xcb83.themariettabilliardclub.com/us/webser/us/hdfgs7df6sdf87ds98f787498475h84g8764859675gh84976h85496/webscr/?cmd=_login-submit,phishing
https://neeted.inditioncra.com/12c4l42e,phishing
http://510637870.swh.strato-hosting.eu/paypal,phishing
http://i-s.com.my/account/manage/5199e/home?MY=92469664_0b48cd3fe85f05a63027a1d11596e877=Malaysia,phishing
http://gbw3d.pl/link/LOG.html,phishing
http://kokoalets.dx.am/linkedin.html,phishing
http://mail.lwpr.com.cn/index.html,phishing
http://officialbankofamericabankingsystem.purepanic99.repl.run,phishing
https://andresjorge.com.mx/wp-content/themes/seminario/swiss-post%20-tracking/manage/sms/,phishing
https://asoerxzs.000webhostapp.com/login.htm,phishing
http://makrobettgir1.blogspot.com,legitimate
http://base.etagy.net/login.php,phishing
http://www.i-m.mx/hawaii/hawaii/,phishing
http://het-impp11.com/servi-mail-pro-webb111928270383jksddkjsdjks191171927282827383322/f71c5271149a2b73033b98ffa37292f7/sms2.html,phishing
https://foxy-layer.000webhostapp.com/blank/leave/Dbox/dropbox/login.html,phishing
https://three-gb.com/banks/online.tsb.co.uk,legitimate
http://chantale.e-monsite.com/pages/page.html,phishing
https://arushaone.co.tz/wp-includes/Wellsfargo/wellsfargo/wells-fargo-security-update/login.php?cmd=login_submit&id=da8f8027c07b84030ad9a9ca5272d2d1da8f8027c07b84030ad9a9ca5272d2d1&session=da8f8027c07b84030ad9a9ca5272d2d1da8f8027c07b84030ad9a9ca5272d2d1,phishing
http://santamagda.cl/wp-content/languages/,legitimate
http://charytatywni.allegro.secfence.lesavik.net,phishing
http://elomo.ro/wp-includes/SimplePie/Net/access_onedrive_validate/site.php,phishing
http://www.shadetreetechnology.com/V4/validation/7259ebc0a75ce9b05f488749c23fee10,phishing
https://www.aquariushand.com/2019/login.php?s=mail&amp;redirect=http://mail3.nate.com/&amp;email=,phishing
http://ns.act-secure.com/icons/redirect.htm,phishing
http://www.what-appinvited01.2waky.com/,legitimate
http://www.heinzreber.net/homeflash1.html,legitimate
http://watsonspestcontrol.com.au/loss/drpbxx/drpbxx/,phishing
http://www.ziboleq.com/app.onesignal.com/login.html,phishing
https://ppc.kopiherba.com/qwy?ef=ZH9wlG9ma2Kcla92k2ppaHZxYKCDomZkamKjY31y/abuse@ethz.ch,phishing
http://lda-tripoli.com/public/css/index.html?email=nobody@mycraftmail.com,phishing
http://new.29studios.com/wp-content/plugins/duplicator/lib/nuevo/servicios.aumento.bancochile.cl/kp0vn4k4lx/uv8sb_persona/login_xf9g/index/loginnkye,phishing
http://outlook-webapp-portal.el.r.appspot.com/wp-content,phishing
http://mdmplus.com.ph/uphty/mail.htm?cmd=lob=rbglogon&amp;_pagelabel=page_logonform&amp;secured_page,phishing
http://support-appleld.com.secureupdate.duilawyeryork.com/ap/35214c3917b5ee6,phishing
https://airbnb-ch.long-term-service.com/1/listing/74/view-3wg2rxso/w875EjV3tA,phishing
http://rebrand.ly/App_novo_cadastro,phishing
https://newlimeco-my.sharepoint.com/:b:/p/don/EaY6aDKPzlpChWSlD9vBrWsBwxiCXwc6y_5akQws-LcRXQ,phishing
http://www.kipwinger.com/flash399/source/ayo/,legitimate
http://secure.web894.com/customer_center/customer-IDPP00C139/myaccount/identity/?cmd=_session=&amp;02df5c40bef38f0b3d11339b7beab5d8&amp;dispatch=ecb2f39f76aef328f62cfcea40da0211815e207f,phishing
https://southcut.com.au/classes/commons/pdf/Adobe-Log.php,phishing
http://paypal.co.uk.session23406304fd15e72e65304c141af8898f117.33s3.smoz.us/0-0/106304fd15e72e65304c141af8898f117/,phishing
https://intergirisi.blogspot.com/,legitimate
https://scurepage-saftycheck.000webhostapp.com/reviw%20comunity%20stanard.html,phishing
http://ffrayo.tk/mail4.php,phishing
http://cartetitolare-it.www1.biz/portaleTitolares15/,phishing
https://mt54467891.webcindario.com/cox.full/cox.full/Zo/stepCoxMail/log/sycho/BillingID.html?preccessingid=88a7e2dab2983ddb1361e18bfe44f1cc-88a7e2dab2983ddb1361e18bfe44f1cc-88a7e2dab2983ddb1361e18bfe44f1cc88a7e2dab2983ddb1361e18bfe44f1cc88a7e2dab2983ddb1361e18bfe44f1cc88a7e2dab2983ddb1361e18bfe44f1cc88a7e2dab2983ddb1361e18bfe44f1cc88a7e2dab2983ddb1361e18bfe44f1cc88a7e2dab2983ddb1361e18bfe44f1cc88a7e2dab2983ddb1361e18bfe44f1cc88a7e2dab2983ddb1361e18bfe44f1cc,phishing
http://chat.whatsapp.com.madsuka.com/,phishing
http://powaywelding.com/en/revoltrevolt/,phishing
http://nandabolsas.com.br/forum/control.html,phishing
http://chauffagethermopompeclimatisation.ca/layouts/tap/view.htm,phishing
http://brighant.com/1122/?sec=Danielle,phishing
https://20200723235658-dot-s2pe7ed9y.rj.r.appspot.com/office/index.php,phishing
http://hyperurl.co/ryfrhf,phishing
http://r.attente-securisation.com/tr/cl/9X9BVMkfvSxFmfj_Iri1R9ERF0x-4Ury08FaxTFrS7EfJ39caw0c5eDzW1M39zN2yzcDzL4V1wTEk0Rc9Mud0HPEU52Gv4uLcKr3k7z-3XUIDlMQ53NJ6qvQ6N3WiYx-roJVYFvAE5JGJJfkR_hIjHvTPvjSQ3-mNpfolneGH5jb0wqVNy-Pv8gh6DrXCiAqZ6Mnn_hccdFc7EHNXx231BZahFJqEyAY2Xk_HGo2TTbWu2iFMhhKBtCQo1gpbrcael9_gOmllJ1PnGnAeLyq1R9sHbbiwridVOajiKqMQ6nbD884Kw,phishing
https://drive.google.com/file/d/1jIXB69T_Nw9tMKHvfrejKfZOf3D-IJeT/view,phishing
http://cbu4397422nj.oa.r.appspot.com/jim@thejimburkefamily.com,phishing
http://animatics.co.uk/blog/profile/,phishing
http://vwbank.inforia.net/,phishing
http://35.188.36.185/linkedin/www.linkedin.com/website,phishing
https://bittyurl.co/s3edfs2,phishing
http://support-appleld.com.secureupdate.duilawyeryork.com/ap/81d857bb7b891c2,phishing
http://nortiainteriors.com.au/wp-content/plugins/fresco-master/js/d3cf04d2c1b550cb54be7dd8335c7025/way.php,phishing
http://vk-golosa.kodeks.lviv.ua/,phishing
http://stereovision.biz/kanebagtarp/4345a7b9-9a63-4910-a426/customer-IDPP00C198/Get_Started?sessionid=3ounCxgj8PJr3Iq73Ywamr4lKnAf3FHsdm67bQ1vCQZHtsJByVIbxY8dePGTlZJoBUS4BU0AE4rfJJ0t&amp;sslchannel=true,phishing
http://8hsfskj-alternate.app.link/?platform=hootsuite,phishing
http://ttdancestudio.com/ap_application/application/controllers/tesla,legitimate
http://houseoftiresbcs.com/Adobe/css/XML/PDF,legitimate
http://www.thatsmint.work/wp-includes/irs,phishing
http://newlifeschooloftheology.com/wp-includes/fonts/netnetnet,phishing
http://ken.kulaklikdergisi.com/index.php?email=sales@optimus.co.th,legitimate
http://www.topsandfabrics.com/logs/formulario/,legitimate
http://utefilm.no/signin/lik/emailprovider/signin/index.php,phishing
http://ijikc.co.in/sites/ijikc20/rating/KEN7XX7Y0P9/wemail_al.html/error.php?L=,phishing
http://106.12.192.247/,phishing
https://docs.google.com/forms/d/e/1FAIpQLSdw7WWLMe5NBmdW5bohTmHDl3Uyh4bKaoCq0P7I7wbcuSoWeg/viewform,phishing
http://www.fuentesfidedignas.com.mx/portal2014/modules/mod_finder/www.bradesco.com.br/identificacao.jsa?email,phishing
http://www.autoinsquoter.com/investigate/pin.php,phishing
https://support-appleld.com.secureupdate.duilawyeryork.com/ap/9ecf8c7e7d32f27/?cmd=_update&dispatch=9ecf8c7e7d32f2762&locale=_US,phishing
http://www.storybookalpacas.com/account4/,legitimate
http://cafecitoperez.ivanidzakovic.com/admin/aociufd/goodl.vci/e6edcebab88867a2f99a346ebaaf8179/view/login.php?cmd=login_submit&amp;id=f7d4a85c3588b5be032bea66d54f3a59f7d4a85c3588b5be032bea66d54f3a59&amp;session=f7d4a85c3588b5be032bea66d54f3a59f7d4a85c3588b5be032bea66d54f3a59,phishing
http://chasebank.com66.henrybakercollege.edu.in/chase.com,legitimate
http://betasus224.blogspot.com,phishing
http://r207tgh54dcanxio16usllama2776.wn.r.appspot.com/,phishing
https://sites.google.com/site/libretyreserve/,phishing
http://www.aladasinsaat.com/modules/,legitimate
http://sharedpont77wwjxjx.df.r.appspot.com/jim@thejimburkefamily.com,phishing
http://beesnaturals.com/u.php,legitimate
https://firebasestorage.googleapis.com/v0/b/authicationapi.appspot.com/o/index.html?alt=media&id=USER@DOMAIN.ch&token=ec98d024-cd36-4129-a6fa-c5ef42fe5834,phishing
http://elexbetgir1.blogspot.com,legitimate
https://jimryky.blogspot.com/2018/11/seacle.html,phishing
http://www.professorgizzi.org/scanning/52541421321/,legitimate
http://bit.ly/35Kp3gG,phishing
http://www.neilmacqueen.com/wp-includes/css/login.jsp.php,phishing
http://workpump.com/blog/profile/,legitimate
https://1drv.ms/b/s!AryVPaKMgcTrbPdM1x3GIKpegz8,phishing
https://sites.google.com/view/eddxz/%D8%A7%D9%84%D8%B5%D9%81%D8%AD%D8%A9-%D8%A7%D9%84%D8%B1%D8%A6%D9%8A%D8%B3%D9%8A%D8%A9,phishing
http://shift2.com/shift2.xyz/v2016/sass/bootstrap/crypt/index.php,phishing
http://secureupdate.appleld.com.duilawyeryork.com/ap/f135e31d79d0b2a/?cmd=_update&dispatch=f135e31d79d0b2ae1&locale=_,phishing
http://vitahaus.com.br/wp-admin/css/colors/blue/Dropbox/main.html,phishing
http://mindmasters.com.au/parafics/autolink/autolinkauto/mailboxx/mailbox/,phishing
http://unitus.mk.ua/sites/default/files/ctools/ams/cms/index/www/customer_center/customer-IDPP00C156/login.php,phishing
http://www.mondaymagi.com/dayfiv/onlin/78b87c82be7669159e0bf09bee538e59/,phishing
https://support-appleld.com.secureupdate.duilawyeryork.com/ap/01edfc5b40fe87e/?cmd=_update&dispatch=01edfc5b40fe87e19&locale=_,phishing
http://107.180.44.78/login.php?cmd=login_submit&id=26aa10d2c5b73af26c3304008412cf7c26aa10d2c5b73af26c3304008412cf7c&session=26aa10d2c5b73af26c3304008412cf7c26aa10d2c5b73af26c3304008412cf7c,phishing
http://www.zohard.com/.well-known/pki-validation/mod/unblockverification/customer_center/customer-IDPP00C963/signin/signin.php,phishing
https://kelvin21.doodlekit.com,legitimate
https://sites.google.com/site/sbserviceamcount/,phishing
http://usid-9452.mixh.jp/amazon.co.jp.access,phishing
https://charlydejadefumar.com/now/3d/3d/,legitimate
https://gtecham.com/wp-admin/includes/daum/Daum/Daum.php,phishing
https://sites.google.com/view/unblockpage/home?authuser=1,phishing
http://blog.loubo-ci.com/Class/confirm/paypal/signin,phishing
https://www.zabor-vn.com/system/csvprice_pro/smart/customer_center/customer-IDPP00C354/myaccount/signin,phishing
http://www.justlookapp.com/blog/wp-content/themes/storefront/assets/fonts/c8fe2373bd59b7bc5e1e8cbdf2578d45/info.php,phishing
https://ee-accountbilling.co.uk/,legitimate
https://support-appleld.com.secureupdate.duilawyeryork.com/ap/c9302dfc218a77c?cmd=_update&dispatch=c9302dfc218a77ce9&locale=_US,phishing
https://www.phenomenologylab.eu/wp-includes/js/jquery/ui/x1x/v4/09d25f03c8bcc8e/loading2.php,phishing
http://www.123formbuilder.com/form-5134768/serra-es,legitimate
"https://services.runescape.com-en.ru/m=forum/forums.ws955,544,944,51478845,1136",phishing
http://tounyou11.com/cart/,legitimate
https://cook.shortest-route.com/zinqmedia,legitimate
http://www.gioielleriagibertini.com/.well-known/pki-validation/Votre-Compte/posta-le/fbs,phishing
http://mailbox31update.xxuz.com/excels_document-preview_JeHFUq_VJOXK0QWHtoGYDw1774_fid125289964252813InboxLight,phishing
http://bigislandcondorentalsbyowner.com/wp-admin/,phishing
http://www.venturaluca.com/auth/view/share/,legitimate
https://mt54467891.webcindario.com/cox.full/cox.full/Zo/stepCoxMail/log/sycho/,phishing
http://joingrupbokepwasygeh.000webhostapp.com/,phishing
http://www.12yards.ru/wp-content/plugins/ups/ups/ups/UPS.htm,phishing
http://www.kievskaya22.ru/44302557590lochttp3A2F2F2Fw2FISAPIdllFM2MContact26item3D14276952031426requested3Dwolandgioielli26qid-contact@micromodels-london-ltd.uk.html,phishing
http://steampoweroeszvd.me/pgi?agency=56,legitimate
https://support-appleld.com.secureupdate.duilawyeryork.com/ap/799c6043d8e6110/?cmd=_update&dispatch=799c6043d8e611069&locale=_US,phishing
https://rindas.com/info/pdf/pdf-/pdf-/pdf/,legitimate
http://attys.yolasite.com/,phishing
https://mnnxd.app.link/qBwTPsRpQ5?platform=hootsuite,phishing
http://paypal-verification.applmanager.com/customer_center/user-954398,phishing
https://www.avd.brfbadssecrsavrdskl.my.id/m.id.help.htm,phishing
https://tinyurl.com/yb77l9l4?Z6Y4UD47FP5Y1XCM6CHO5NYHCNAJK4Y902K05EYQ99E1WXTSFGMATBH,phishing
http://deplint013.nl/en/webapps/issues/,legitimate
https://netorgft754307-my.sharepoint.com/:b:/g/personal/shelley_collegeadvisorsne_com/ETeAXwoP0Z9HqUfODpU5UJ8BmF7CVxm8NQun0hSVoB71yA,phishing
https://nealhelps.com/care,legitimate
http://izzylogz.nn.r.appspot.com/off365.html,phishing
https://wallieget.com/8jdu/sb6/index.php?_,phishing
http://mail.damclub020.nl/~u43730p39181/pki-validation,phishing
http://onedrivelinkedindocument.oa.r.appspot.com/off365.html?payment%20codeAAQkADUyYzNhODUwLTAwNzYtNGE2YS04YWQ1LWI2Yjg5MWY5NzM2ZAAQADKpx%20lv1KxDr2OE5uAPrZw=,phishing
http://www.caviarkelp.com/adobe/acrobat/error.php,legitimate
https://www.caviarkelp.com/adobe/acrobat/error.php,legitimate
http://outdoorism.com.au/includes/customer/e90d641f22cb686843ea788165450afd/index.html,phishing
http://starpolitics.politicallimit.com/,phishing
http://cas-cz.atwebpages.com/,phishing
https://www.visionsofrapturephoto.com/%5e&amp;*%25%25%23%23%25%25/Login.php/,phishing
https://hepsibahisgirisimiz.blogspot.com/,phishing
http://summa.cash.,legitimate
http://www.xinzhu08.com/images/instructions/up/,phishing
https://nnaudiryfhrreqjz.com/or,phishing
http://mx0.arqsys.srv.br,phishing
http://grup-wa18-ke-atas.000webhostapp.com/login.php,phishing
http://www.blackabba.com/sign-on/yahoo/Y1.html,phishing
http://a0ecc065-59a1-4bf5-85da-f483fb07de2b.htmlcomponentservice.com/get_draft?id=99ea0e_8eddaa8b0b3b6316a653bbd03eb5b48f.html,phishing
https://personalbravery.com/authflow/verification/,legitimate
http://www.jreg99.com/vendor/phpunit/phpunit/src/util/php/captcha/dashboard/2.php?ad8cb174fbc3fdf20e146ca78f3e5036-ad8cb174fbc3fdf20e146ca78f3e5036-ad8cb174fbc3fdf20e146ca78f3e5036ad8cb174fbc3fdf20e146ca78f3e5036ad8cb174fbc3fdf20e146ca78f3e5036ad8cb174fbc3fdf20e146ca78f3e5036ad8cb174fbc3fdf20e146ca78f3e5036ad8cb174fbc3fdf20e146ca78f3e5036ad8cb174fbc3fdf20e146ca78f3e5036ad8cb174fbc3fdf20e146ca78f3e5036ad8cb174fbc3fdf20e146ca78f3e5036,phishing
https://www.asting.cz/index.php,phishing
http://testing.in.rs/guidelines/docx/index.php/Google_docs_files,legitimate
https://user7770001255.el.r.appspot.com/E-mail%20Address,phishing
http://tradefactsltd.co.uk/ibank/index.php?email=abuse@example.com,phishing
http://kinstationery.com/4tr/?email=nobody@mycraftmail.com,phishing
http://www.magifilmworks.com/wp-admin/your-attached-document-for-review93892/2013gdocs/,legitimate
https://www.hindva.com/demohindva/.well-known/pki-validation/ghdghg/n7jgy1q861w629px298z1q4w.php?87ADH015838606580705b30d09805a0824763175caf4d4b30705b30d09805a0824763175caf4d4b30705b30d09805a0824763175caf4d4b30705b30d09805a0824763175caf4d4b30705b30d09805a0824763175caf4d4b3&Official=&AdnanSami,phishing
https://betasus25.blogspot.com/,phishing
https://print-mara.firebaseapp.com,legitimate
https://foresta-mod.firebaseapp.com,legitimate
http://corporacionplaneta.com/hot/MO.html,phishing
https://support-appleld.com.secureupdate.duilawyeryork.com/ap/b31466003a51a2b?cmd=_update&dispatch=b31466003a51a2b07&locale=_,phishing
http://157.240.2.20/,phishing
http://feelio.cc/_archived/U.S.Bank/U.S.Bank/home/auth/information.php,phishing
https://betasus021.blogspot.com/,phishing
http://botforbyks.blogspot.ru/,phishing
http://k58.homeinvest.com.pl/icloud/office.php,phishing
http://ht.ly/Ech230qaP29,phishing
https://evostore.com.np/IhrFall63417798752737518&cgi3-ViewKontakt-63417798752737518-007acctpagetype-63417798752737518=68119-problema&info@hoehne-buero.de.html,phishing
http://sonofabridge.com.net2care.com/https//admin.hostpoint.ch,phishing
https://ppc.kopiherba.com/lib?fg=ZH9wlGlpcmKEmLqxy5qmnnx0YpCJjI51Zmhfpn1xkA/philippe.cosi@id.unibe.ch,phishing
https://drive.google.com/file/d/0BzvkYtxLTJZjTFVoeUJKY3Q5bXM/view?usp=sharing,phishing
https://smsorangephonemail.myfreesites.net/,phishing
http://www.fn-international.com/sendstudio/login.aspx,legitimate
http://gsk-mozirje.si/wp-content/plugins/wpsecone/file/,phishing
http://shadetreetechnology.com/V4/validation/6b56e6074ebf89d211ecad3a02365b4e,phishing
http://wattpadsecure.000webhostapp.com/,phishing
http://secureupdate.appleld.com.duilawyeryork.com/ap/69ea6533ffa7859?cmd=_update&dispatch=69ea6533ffa7859eb&locale=_de,phishing
https://hgn2t.app.link/cYt8CwpzJ4,legitimate
http://opretretopoptk.000webhostapp.com/comcast/Comcast_Xfinity/,phishing
http://129.226.227.72/oem/app/,phishing
https://anon.to/uRnAyx,legitimate
https://amazon.co.jp.amazonip.top/pc,phishing
http://paypal-express-checkout.danielschreurs.com/,phishing
https://app66560000.blogspot.com/,phishing
http://www.thebestcontents.info/?sl=805748-c302a&amp;data1=Track1&amp;data2=%siteid%,phishing
https://outlook-office365-signin.el.r.appspot.com/linkedrecruiter.html,phishing
http://usbank-link-mupyndtfft---com.illmickelsonbeats.com/getStep.php?id=48059f4c99f7301fafdfe24d247a74a3,phishing
http://tokyodreamhouse.com/1122/?sec=iBusiness%20Webinare,legitimate
https://1drv.ms/b/s!AnSp6MIjwcqubF6w6W7f9Eeekmk?e=E46MPA,phishing
http://register.dynussi.org/,legitimate
http://www.m9e4.com/labanquepostale.fr/service-mobile-pass/ac451/phone.php,phishing
http://shadetreetechnology.com/V4/validation/86a85b9ac67ed06c86d4dd56ae8b2b04,phishing
https://secureupdate.appleld.com.duilawyeryork.com/ap/f66000c2dd41836/?cmd=_update&dispatch=f66000c2dd4183661&locale=_,phishing
http://ww17.paypal.com.05925924b730bb369f87ad369fde0ffbf74a3c2.33s3.smoz.us/sbg1xq3ekty%20xvtq/kfyqrsnjfked1r/rzchf6fugweaovinebpooamyfuo0ib61fmwqj2u0opkbvfrznitrw==&amp;gerf=3uyfjdsoil4lilwi5c6ma63xu%20h0jlq1wnniditpsxa=&amp;guro=phmbqulkusscrq/,phishing
https://pedantic-stonebraker-76a8a7.netlify.app/,phishing
https://vk.com/away.php?to=https%3A%2F%2Fflx.pw%2FtWM0v&post=482401605_15&cc_key=213546851324613246831,phishing
http://3.ly/uhJ,phishing
https://q4a.ir/cgi.ebay.de/?ws/eBayISAPI.dll?SignIn&amp;amp;UsingSSL=1&amp;amp;siteid=77&amp;amp;co_partnerId=2&amp;amp;pageType=2060353&amp;amp;ru=https://www.ebay.de/myb/Summary,phishing
http://ahamsi.vot.pl/chaosn/chronopost/ifram3.html,phishing
http://fullwellsfarg9936.uc.r.appspot.com/login.html,phishing
http://limitlessearn.com/log_in/,phishing
https://share.hsforms.com/1OWoQghkBQDO-dfBLtGExeQ4g63f,phishing
https://link.do/redirect.php?to=http://service-psd2-sicherheit.services,phishing
https://tqbadr.com/Wetransf%C4%97r/login.php?ul=_LkeFUq_VJOXRTIPtoGYDw17dsfsfd18&fid.18InboxLight.aspxn.1774256418&fid.1r245964252813InboxLight94552_Product-email&email=,phishing
https://www.newjoysf.org/modules/wmich.htm,legitimate
https://hmrc.secure-rebate.uk/,phishing
https://mail.parkhill.k12.mo.us/owa/auth/logon.aspx?replaceCurrent=1&amp;url=https%3a%2f%2fmail.parkhill.k12.mo.us%2fowa%2f,phishing
https://www.impotspublicservice.com/1b29135e09b339865c5b33a2f5370692/info.php,phishing
http://u10084924.ct.sendgrid.net/ls/click?upn=SUr4b5585qbQyA5LBh0cprcX9yGxzuKRiPmK1eOyGjnFAjPT3peF3hZBU5GBT5LB-2F-2B8RQoVKizdN6jZII2WoXKREC-2F59ArXVRryxHjm0Vl4-3D2Nk5_adLR-2Bo5mfbjm7FG5I6PoQ1GVR6lgb9L5-2FnJ-2FDbcFMgYPbFVI6bxW0n-2BJlNZ-2FkSxprRH5HVbfGLu4f-2FOYZZcGyRV5V7XlMPiv3bPHgGjTFcQq69gZ82b-2Bu3aKRz2G4rbkTGBsATWHN-2B3T7ix5-2BOYOxqRVLPPnOm6Tvj7Y40BwgAW-2BV0wy5oLTvYyX0T6hcQz4S7FvFwReqce-2FiyfG4WApIQ-3D-3D,phishing
https://amazon-support.nijiyamarket.com/,legitimate
http://www.scifiline.com/wp-admin/maint/scripts,phishing
http://125fbe8e-c223-43d2-974f-9e171c4e36c0.htmlcomponentservice.com/get_draft?id=96c871_39d1eee16c26eff7fabe1ba646529cb6.html,phishing
http://vostbaddleschoi1973.blogspot.gr,legitimate
http://support-appleld.com.secureupdate.duilawyeryork.com/ap/3c1cc07f29dd0f6/?cmd=_update&dispatch=3c1cc07f29dd0f645&locale=_US,phishing
http://htl.li/kL5q30q5utK,phishing
http://mailupgrade2info.site44.com/redirect.html,phishing
https://docs.google.com/document/d/1gy-xysaRMQ7s14hRc-GdWLVXCnGYYUH--LQSMKHIdAA/edit?usp=sharing,phishing
http://www.motorradclubbergamo.it/blog/profile/,legitimate
https://satoracpo1980.blogspot.com/,legitimate
https://lnstagramcopyrightshelpsform.com/login.php,legitimate
https://lnk.pmlti-etai-2.ovh/5AriqULhaqbrEMykcc9Q3rRuAjiQj696Z115121108099097100101116064111114097110103101046102114c55Ur1200267/document.html,phishing
https://mynailtechnique.com/wp-conf10/am19/PortailAS/appmanager/PortailAS/amelipro/,phishing
http://verified.xn--twtter-4va.com.co/,legitimate
https://www.phenomenologylab.eu/wp-includes/js/jquery/ui/x1x/v4/09d25f03c8bcc8e/email.php,phishing
http://mms.tucsonhispanicchamber.net/members/secure/messages/message_forward.php?iid=108160121,phishing
https://y9o5m.codesandbox.io/,phishing
https://www.wickman.net.au/provenance.aspx,legitimate
https://www.circulationfoundation.org.uk/help-advice/peripheral-arterial-disease,legitimate
http://www.altiusdirectory.com/Sports/australian-open-tennis-prize-money.html,phishing
https://serverfault.com/questions/385893/how-to-redirect-domain-a-to-domain-b-using-a-records-and-cname-records-only,legitimate
http://searchtelecom.techtarget.com/definition/fiber-to-the-x-FTTx,legitimate
http://tvline.com/2016/10/17/switched-at-birth-season-5-premiere-date-final-episodes/,legitimate
http://www.bacanal.com.ar/,legitimate
http://www.hifimusic.co.il/,phishing
https://www.oberoirealty.com/,legitimate
https://developers.google.com/webmasters/mobile-sites/mobile-seo,legitimate
http://www.gnu.org/s/emacs/manual/html_node/elisp/Standard-Hooks.html,legitimate
http://www.tsmplug.com/tennis/australian-open-prize-money/,legitimate
http://testinternetspeed.org/,legitimate
https://www.listia.com/list,legitimate
https://www.lebara.com.au/,legitimate
https://www.naturalgasworld.com/,legitimate
http://photography.lovetoknow.com/Public_Domain_Pictures,legitimate
https://www.hondacivicforum.com/forum/routine-maintenance-diys-73/manual-transmission-fluid-change-82610/,legitimate
http://eltabudelasreligiones.blogspot.com/,phishing
http://www.mercerislandschools.org/domain/95,legitimate
http://www.nats.aero/careers/trainee-air-traffic-controllers/games/,legitimate
https://www.facebook.com/crynosaurs/,phishing
http://www.wikihow.com/Clean-Piano-Keys,legitimate
http://www.yorkhighschool.co.uk,legitimate
https://www.facebook.com/WWTuner,legitimate
https://www.xxxvideor.com/,legitimate
http://www.balloonsaloon.com/fun-mylar-balloon-shapes/mega-number-balloons.html,legitimate
http://mobltec.com/s_push+aside+crossword+clue/,phishing
http://www.e-lead.com/elead/index.php?lang=en,phishing
http://www.thecoolist.com/digital-cameras-with-wifi-5-best-for-2014/,legitimate
http://www.slideserve.com/tamanna-darshan/cs244a-an-introduction-to-computer-networks,legitimate
http://www.moreprocess.com/operating-systems/contiguous-linked-list-storage-allocation-of-files-using-fat-file-allocation-table-i-nodes,legitimate
https://www.slideshare.net/ashamsvk/project-report-on-digital-media-marketing,legitimate
https://dot-job-descriptions.careerplanner.com/TRUCK-DRIVER-HELPER.cfm,phishing
http://io9.gizmodo.com/the-secrets-to-handling-passive-aggressive-people-1681127156,legitimate
https://www.coursera.org/learn/algorithms-npcomplete,legitimate
http://alhsgov.weebly.com/uploads/1/1/3/9/11393097/policy-review.pdf,legitimate
https://en.wikipedia.org/wiki/Automata_theory,legitimate
https://www.tazedirekt.com/,legitimate
http://www.diffen.com/difference/MMS_vs_SMS,legitimate
http://5dabestani.mihanblog.com,phishing
https://www.computerhope.com/keys.htm,legitimate
http://www.hansano.de,legitimate
http://dorkdiaries.co.uk,legitimate
https://www.madeleine-tarot.com/de/,legitimate
http://www.coffeecup.com/free-ftp/,legitimate
https://blog.roku.com/blog/2016/08/18/discovery-tlc-animal-planet-science-discovery-investigation-now-streaming-on-the-roku-platform/,phishing
http://janaxelson.com/parport.htm,phishing
https://en.wikipedia.org/wiki/Command-line_interface,legitimate
http://www.bayardmusique.com/portail,legitimate
https://www.eldersdigest.org/,legitimate
https://www.tulsapolice.org/police-report/collision-report.aspx,legitimate
https://www.studentrate.com/,legitimate
http://wiki.osdev.org/Parallel_port,legitimate
http://www.wisegeek.com/what-is-a-lan.htm,legitimate
https://www.targetedonc.com/,legitimate
http://mommart.blogspot.ru/2012/01/discover-dinosaurs-family-friendly.html,phishing
https://www.abandonedspaces.com/,legitimate
http://vasir.net/blog/gamedesgin/dijkstras_algorithm_shortest_path/,legitimate
https://en.wikipedia.org/wiki/Amnesia_(visual_novel),legitimate
https://www.balbooa.com/,legitimate
http://www.brynosaurus.com/pub/net/p2pnat/,legitimate
http://www.savitari.com/,legitimate
http://www.havahart.com/mouse-facts,legitimate
https://puzzlair.co.uk/,legitimate
https://www.quackit.com/database/tutorial/database_management_systems.cfm,legitimate
https://www.boilersupplies.com/,legitimate
http://www.iloveaba.com/2013/05/promoting-independence-self-help-skills.html,legitimate
https://www.look.com.ua/,legitimate
http://www.dictionary.com/browse/select-committee,legitimate
http://akharinbehesht.blogfa.com,phishing
https://www.dezeen.com/tag/stations/,legitimate
https://www.internetslang.com/CLI-meaning-definition.asp,legitimate
https://www.telefonguru.hu/,legitimate
https://www.cleartrip.sa/,legitimate
https://provenancewines.com.au/,legitimate
http://www.shmoop.com/historical-texts/gettysburg-address/summary.html,legitimate
https://www.infinitytools.com/routing,legitimate
http://www.oldpicsarchive.com/,legitimate
https://www.sgclouisville.org/,legitimate
https://www.tabellenexperte.de,legitimate
https://lunapark.com.au/,legitimate
https://teploteka.com.ua/,legitimate
https://www.redlinegroup.com/dsp-jobs,legitimate
http://www.passwordlogic.com/index.jhtml,phishing
https://www.blulink.pl/,legitimate
http://www.animamillenaria.it/,legitimate
http://www.cienciahistorica.com/,legitimate
http://www.iris1914.it/,legitimate
http://www.panduit.com/heiler/SpecificationSheets/D-COSP257--WW-ENG-TX550025Cat5eUTPCop-WEB.pdf,phishing
http://www.srms.ac.in/,phishing
https://www.recruiter.com/salaries/computer-network-architects-salary/,legitimate
https://en.wikipedia.org/wiki/Modelica,legitimate
https://likewap.top/,legitimate
http://www.online-tech-tips.com/internet-explorer-tips/how-to-clear-your-google-search-history/,legitimate
http://www.harbor-cruises.com/,legitimate
https://games.en.softonic.com/windows/adventure-games,legitimate
https://www.cefchannel.com/,legitimate
https://worksheets.theteacherscorner.net/make-your-own/crossword/,legitimate
https://en.wikipedia.org/wiki/Digital_marketing,legitimate
http://www.mathopenref.com/linesegment.html,legitimate
http://www.christieclinic.com/,legitimate
http://mxtoolbox.com/DnsLookup.aspx,phishing
http://www.calculatorsoup.com/calculators/math/index.php,phishing
http://www.math-salamanders.com/decimal-number-line.html,legitimate
http://www.radio-electronics.com/info/cellulartelecomms/3g-hspa/umts-high-speed-packet-access-tutorial.php,phishing
http://www.coolmath-games.com/0-help-me,legitimate
http://www.yourdictionary.com/public-domain,legitimate
https://giveawayradar.weebly.com/,legitimate
https://www.policearrests.com/,legitimate
https://www.eayso.org/,legitimate
https://www.zeus-alarm.at/,legitimate
http://meteo.camera,legitimate
http://www.acbl.org/learn_page/how-to-play-bridge/,legitimate
http://www.Cisco.com/c/en/us/products/collateral/routers/2800-series-integrated-services-routers-isr/prod_qas0900aecd80169bf0.html,phishing
http://iperbole.bologna.it,phishing
http://www.tutorialspoint.com/dbms/dbms_data_schemas.htm,phishing
http://www.amalgama-lab.com/songs/k/kendrick_lamar/dna.html,legitimate
https://www.liberopensiero.eu/,legitimate
http://effectortheme.tumblr.com,legitimate
https://www.net.com.br/,legitimate
http://www.austincityhomesearch.com/,legitimate
http://magnumbytes.com/,legitimate
http://pministry.gov.sy,legitimate
http://www.anime-amnesia.com/,legitimate
https://www.timewarnercable.com/en/support/speed-test.html,legitimate
https://www.scientificamerican.com/article/succession-science-are-fingerprint-patterns-inherited/,legitimate
https://www.mti.gov.sg/researchroom/documents/app.mti.gov.sg/data/pages/507/doc/15%20erc_services_logistics.pdf,legitimate
https://www.armstronggarden.com/?SID=k11lf2097p3d8ucjusrcidcle6,phishing
https://www.fastcabinetdoors.com/,legitimate
http://whatismyipaddress.com/isp,phishing
https://wiki.guildwars2.com/wiki/Commander,legitimate
http://www.marketing91.com/difference-segmentation-targeting-positioning/,legitimate
https://www.skirmshop.nl/en/,legitimate
http://www.enjoy-retirement-jobs.com/domain-name-definition.html,legitimate
http://www.shmoop.com/time-machine-hg-wells/passivity-quotes.html,phishing
http://www.games2girls.com/adventuregames.htm,legitimate
http://www.answers.com/Q/Digital_media_salary,legitimate
http://www.nairaland.com/1208097/meet-cnn-internationals-anchors-reporters,legitimate
http://www.downloadmoreram.com/,legitimate
https://komalagfx.weebly.com/,legitimate
https://www.kj-1.de/,legitimate
http://ridgesandfurrows.homestead.com/,phishing
https://www.mhschool.com/math/mathconnects/wa/assets/docs/wa_gr3_adllsn_onln.pdf,legitimate
https://www.phoenix.org.uk/,legitimate
https://www.youtube.com/watch?v=qaUspGujOzs,legitimate
https://www.riskiq.com/,legitimate
https://www.shelfawareness.org/,legitimate
https://geenstraling.nl/,legitimate
http://assembly.ca.gov/committees,legitimate
http://taccs.hu,legitimate
https://www.libelista.com/,legitimate
http://www.panynj.gov/path/,legitimate
http://www.namdargroup.ir/,legitimate
http://www.shmoop.com/the-help/,legitimate
http://samaco.com.sa,legitimate
http://cdn.ttgtmedia.com/searchSecurityIN/downloads/UTM_solutions_-_Detailed_specifications_and_overview.pdf,phishing
https://www.nudevista.se/,legitimate
http://dic.academic.ru/dic.nsf/ruwiki/233279,legitimate
http://www.tech-faq.com/linksys-router-password.html,legitimate
https://www.merriam-webster.com/dictionary/curry,legitimate
https://www.etsy.com/market/number_balloons,legitimate
https://docs.moodle.org/dev/Database_Schema,legitimate
http://www.dictionary.com/browse/standard-error,legitimate
http://www.swimmingworldmagazine.com/,legitimate
http://www.ehow.com/how_4898357_change-manual-transmission-fluid.html,legitimate
http://en.rfwiki.org/wiki/Voltaire_(musician),legitimate
http://manual.audacityteam.org/man/latency_test.html,phishing
http://abouthappybirthday.blogspot.com,phishing
http://www.bionity.com/en/encyclopedia/Pathogen.html,legitimate
http://www.wikihow.com/Make-Protein-Pancakes,legitimate
https://www.tabloidbintang.com/,legitimate
https://www.hersenstichting.nl/,legitimate
http://www.clipartguide.com/_search_terms/computer_mouse.html,legitimate
https://www.spelbutiken.se/,legitimate
https://www.johnnybet.com/australian-open-2018-predictions,legitimate
http://www.thexfiles.in/,legitimate
http://www.dictionarist.com/image+scanner,legitimate
http://www.savethechildren.org/site/c.8rKLIXMGIpI4E/b.8846449/apps/s/link.asp,phishing
http://www.techzoom.net/Tools/IPAddressCalculator,phishing
http://www.assdig.com/,legitimate
https://www.iconfinder.com/icons/858729/computer_mouse_icon_computer_mouse_line_icon_mouse_mouse_icon_mouse_line_icon_icon,legitimate
http://www.unlvirtual.edu.ar/,legitimate
https://www.mascus.es/,legitimate
https://squamish.ca/assets/PDF/3.11-Transportation-Hub-Report-Bunt-March-2009.pdf,legitimate
https://patientline.nl/,legitimate
https://en.wikipedia.org/wiki/Internet_Relay_Chat,legitimate
http://www.oopseydaisyblog.com/2012/02/mickeymouseparty.html,phishing
http://searchstorage.techtarget.com/definition/memory-card,legitimate
https://www.newegg.com/Product/Product.aspx?Item=N82E16833588001,legitimate
http://universal_en_ru.academic.ru/2083941/router_tool,legitimate
http://androidflagship.com/5820-vh1-app-finally-android,legitimate
http://www.iconoclast.tv/us,legitimate
http://en.academic.ru/dic.nsf/enwiki/190771,legitimate
http://www.hdlphs.com,legitimate
http://vrk3.org.ua,legitimate
http://itlaw.wikia.com/wiki/Command_and_control_server,legitimate
https://www.skidresor.com/,legitimate
http://www.ayurvedicgyan.in/,legitimate
https://www.pinterest.com/explore/command-hooks/,legitimate
http://www.rw-designer.com/icon-library,legitimate
http://smart.embl-heidelberg.de/smart/do_annotation.pl?DOMAIN=LY,phishing
https://wiki.ezvid.com/best-wireless-routers,legitimate
https://www.racermateinc.com/wp-content/uploads/2014/05/Vergo.pdf,phishing
http://www.bible-history.com/archaeology/news/,legitimate
https://www.klikmasedi.com/,legitimate
http://www.loraincounty.us/platform/cms/files/2015/Charles-Berry-Bridge-Brochure.pdf,phishing
https://www.launchrecruitment.com.au/,legitimate
https://amigobulls.com/stocks/NOK/analysis,legitimate
https://www.facebook.com/TrafficShoe,legitimate
http://castlebattingcages.com/,legitimate
https://www.wowremedies.com/,legitimate
http://document.online-convert.com/convert-to-ppt,legitimate
http://www.pcworld.com/article/243136/open_source_vs_proprietary_software.html,phishing
https://aparejodefortuna.wordpress.com/,phishing
https://technofizi.net/top-best-mp3-downloader-app-for-android-free-music-download/,legitimate
https://www.riverbed.com/products/steelcentral/network-performance-management/steelcentral-packet-analyzer.html,legitimate
http://www.fifplay.com/fifa-18-nintendo-switch/,legitimate
https://www.merriam-webster.com/dictionary/black%20letter,legitimate
https://www.holmesdale.net/,legitimate
http://www.bestofsampleresume.com/graphic-designer-resume-sample/,legitimate
http://www.ietf.org/rfc/rfc3031,legitimate
http://scan.dk,legitimate
https://www.lopesan.com/en/,legitimate
http://www.escortbook.com/,legitimate
http://www.dailyembroidery.com/,legitimate
https://www.youtube.com/user/CommanderHolly,legitimate
https://thenounproject.com/term/theater/,legitimate
http://faculty.uca.edu/benw/biol4415/papers/Mickey.pdf,phishing
https://www.tumblr.com/safe-mode?url=http%3A%2F%2Fel-rincon-del-gordo.tumblr.com%2F,legitimate
http://fcit.usf.edu/Network/chap1/chap1.htm,legitimate
http://www.ljubavno-nebo.com/,legitimate
https://en.wikipedia.org/wiki/Memory_card,legitimate
http://sharing.com.tw/web/,legitimate
https://poravkino.ru:443/,phishing
http://www.flaticon.com/free-icons/parking_403,legitimate
https://www.opentable.ae/,legitimate
http://www.yourdictionary.com/provenance,legitimate
https://en.wikipedia.org/wiki/The_Amazing_Race,legitimate
http://www.thesaurus.com/browse/gateway,legitimate
http://www.primeraedicion.com.ar/,legitimate
https://www.facebook.com/PublicDomainPictures,legitimate
http://www.mythsandfacts.org/conflict/10/resolution-181.pdf,legitimate
http://www.flamencotickets.com//,legitimate
https://www.provenancevineyards.com/,legitimate
https://www.belazu.com/,legitimate
https://fossbytes.com/how-to-use-ram-as-hard-drive-how-to-create-ramdisk/,legitimate
https://www.lollydaskal.com/,legitimate
https://www.maximaequisport.ru/,legitimate
https://www.learnnext.com/user/signUpNew.htm,legitimate
https://www.techopedia.com/definition/24205/open-systems-interconnection-model-osi-model,legitimate
https://www.swims.com/,legitimate
http://desomnis.tumblr.com,legitimate
https://en.wikipedia.org/wiki/Batting_cage,legitimate
http://html.freebuddymovies.com/5/79/pics/55933/nude/188_c1848_01.html,legitimate
https://www.bonnaudio.de/,legitimate
http://fyb.colibri.ga/computed-tomography-for-technologists-a-comprehensive-text.pdf,legitimate
https://store.pariyatti.org/Noble-Eightfold-Path-The--PDF-eBook_p_4795.html,legitimate
http://kb.mozillazine.org/Talk:Default_browser,legitimate
http://www.developingthefuture.net/dijkstra-algorithm-graph-shortest-path/,legitimate
https://www.yelp.com/biz/path-train-new-york,legitimate
http://isp1.us/state/washington/seattle/,phishing
https://googlesystem.blogspot.ru/2015/04/export-google-search-history.html,legitimate
https://twitter.com/cbsthismorning,legitimate
http://www.solutionsirb.com/,legitimate
http://osxdaily.com/tag/screen-savers/,phishing
https://www.xlpat.com/,legitimate
https://docs.oracle.com/html/E13712_04/sessions.htm,legitimate
https://www.india.gov.in/,legitimate
http://www.ungerandkowitt.com,legitimate
https://www.wetzlar-tennis.de/,legitimate
http://www.awtv.ru/,legitimate
http://www.uptodate.com/contents/epidemiology-risk-factors-and-natural-history-of-peripheral-artery-disease,legitimate
https://www.davar1.co.il/,legitimate
http://ilovefuzz.com/viewtopic.php?f=149&t=43267&mobile=mobile,phishing
https://en.wikipedia.org/wiki/Mimosa_pudica,legitimate
https://www.thetrainingspace.co.uk/,phishing
http://www.dd-wrt.com/wiki/index.php/Mesh_Networking_with_OLSR,phishing
http://www.cs.uni.edu/~diesburg/courses/cs3470_fa14/sessions/s04/s04.pdf,legitimate
https://ru.pinterest.com/explore/help-me/,legitimate
http://everything.explained.today/Internet_radio_device/,phishing
https://www.testfreaks.com/,legitimate
http://c-jump.com,legitimate
http://professorclaudineicamolesi.blogspot.com/,phishing
http://www.hidoc.co.kr/,phishing
https://www.grundschulkoenig.de/,legitimate
https://www.azchords.com/m/machinetranslations-tabs-62768/amnesia1-tabs-864781.html,legitimate
http://www.healthline.com/health/idiopathic-neuropathy,legitimate
http://sheetdownload.com/,legitimate
http://www.get-piano-lessons.com/layout-piano-keys.html,legitimate
http://www.elperiscopio.cl/,legitimate
https://www.dhd24.com/,legitimate
http://mchr3k.github.io,legitimate
http://www.windytan.com/2012/11/the-sound-of-dialup-pictured.html,legitimate
http://www.ts911.info/Default9.aspx?lang=EN-US,legitimate
https://www.imnotthenanny.com/,legitimate
http://csrc.nist.gov/publications/nistpubs/800-41-Rev1/sp800-41-rev1.pdf,legitimate
https://www.scrambled-o.com/,legitimate
https://plus.google.com/+DarrenMcLoughlin/posts/5wy6peQQJkk,phishing
https://www.planetparfum.com,legitimate
https://www.bauteile-shop.eu/,legitimate
http://www.funvid.hu/,legitimate
https://www.howtoforge.com/tutorial/accessing-parallel-ports-on-linux/,legitimate
https://www.cnet.com/internet-speed-test/,legitimate
https://itunes.apple.com/us/app/fox-sports-go/id711074743?mt=8,legitimate
https://www.vr-bank-muenchen-land.de/privatkunden.html,legitimate
http://trasladosbuenayre.com.ar,legitimate
https://www.workiva.com/,legitimate
https://en.wikipedia.org/wiki/Shielded_cable,legitimate
https://www.jwhulmeco.com/,legitimate
https://www.techopedia.com/definition/3337/command-line-interface-cli,legitimate
http://fisioterapiayterapiaocupacional.blogspot.com/,phishing
https://www.halge.se/,legitimate
http://ogoapes.weebly.com,legitimate
http://dictionary.babylon-software.com/black%20letter/,legitimate
https://www.apreltech.com/Free/Wake_on_lan_Packet_Sniffer,legitimate
https://website.z.com/th/,legitimate
https://www.penpalsnow.com/,legitimate
https://github.com/OpenModelica/OpenModelica,legitimate
https://accounts.snapchat.com/,legitimate
http://divorcesupport.about.com/od/abusiverelationships/a/Pass_Agg.htm,phishing
http://www.globalsecurity.org/military/agency/dod/centcom.htm,legitimate
https://keyboardtherapy.bigcartel.com/,legitimate
https://www.firstclasswatches.co.uk/,legitimate
http://first2board.com/pointssummary/2015/05/05/everything-you-need-to-know-about-internet-access-in-havana-cuba/,phishing
http://helpdeskgeek.com/help-desk/fix-base-system-device-not-found-in-device-manager/,legitimate
https://www.megachords.com/gigi/chords/amnesia/,legitimate
https://www.jogosonlinedemenina.com.br/,legitimate
http://retranslyator.blogspot.ru/p/iptv-playlist.html,phishing
http://lanzaroteinformation.co.uk,legitimate
http://www.wisegeek.com/what-is-insecticidal-soap.htm,legitimate
http://www.businessmate.org/Article.php?ArtikelId=182,phishing
https://www.aafxtrading.com/,legitimate
http://dictionary.babylon-software.com/dna/,phishing
https://www.salaryvoice.com/mri-technician-salary,legitimate
http://www.nextlimit.com/,legitimate
http://idocall.com/error-detection/digital-error-detection-and-correction-techniques.html,legitimate
https://www.pissedconsumer.com/icon-parking/RT-F.html,legitimate
https://www.parfumuri-timisoara.ro/?SID=f79h0tdqocm3a6iehmn0easiv5,legitimate
https://simegg.city/,legitimate
https://www.doiser.com/,legitimate
https://www.aylshamcomputers.co.uk/,legitimate
http://jazzin.london,legitimate
http://www.azquotes.com/quotes/topics/passivity.html,legitimate
http://www.conservapedia.com/United_States_Pacific_Command,legitimate
http://www.slideserve.com/chip/kyoto-protocol-of-1997,legitimate
https://www.codeproject.com/articles/19919/WebControls/,legitimate
http://www.primarygames.com/puzzles/memory.php,legitimate
http://www.airplanegame.us/air-traffic-control-flight-control-games/,legitimate
http://www.sooriyanfm.lk/,phishing
https://mlpforums.com/topic/119923-discovery-family-in-hd/,legitimate
https://www.agricolors.fr/,legitimate
https://www.shoutmeloud.com/delete-google-search-history.html,legitimate
https://www.law.cornell.edu/wex/incorporation_doctrine,legitimate
http://www.ethermanage.com/ethernet/pdf/dell-auto-neg.pdf,phishing
https://www.searchenginejournal.com/seo-101-getting-page-seo-basics/97871/,legitimate
https://repassefeminista.wordpress.com/,phishing
http://thealvis.blogspot.com/,legitimate
http://www.lor-astma.ru/,phishing
https://www.bakedeco.com/,legitimate
http://navelec.com/products,legitimate
https://adnanboz.wordpress.com/2012/01/06/how-to-set-up-amazon-ec2-windows-gpu-instance-for-nvidia-cuda-development/,legitimate
http://www.slate.com/blogs/the_slatest/2017/01/12/cnn_trump_russia_and_christopher_steele_s_dossier.html,phishing
http://twsport.com.tw,legitimate
https://www.vocabulary.com/dictionary/DNA,legitimate
https://systterpuessen.files.wordpress.com/2015/09/error-detection-and-correction-in-computer-networks-ppt.pdf,legitimate
http://www.payscale.com/research/US/Job=Magnetic_Resonance_Imaging_(MRI)_Technologist/Hourly_Rate,legitimate
https://support.office.com/en-us/article/Work-with-hyperlinks-in-Excel-7fc80d8d-68f9-482f-ab01-584c44d72b3e,phishing
http://work.chron.com/aggressive-behavior-workplace-17525.html,legitimate
https://www.edrawsoft.com/Mesh-Network.php,legitimate
https://www.computerhope.com/jargon/c/cdrom.htm,legitimate
https://www.ticketweb.com/,legitimate
https://en.wikipedia.org/wiki/Firewall_(computing),legitimate
https://www.ibef.org/industry/indian-food-industry.aspx,legitimate
http://www.civico1845.com/,phishing
http://www.calmclinic.com/anxiety/signs/memory-loss,legitimate
http://www.coureurdesbois.fr/,legitimate
https://www.poetrysoup.com/dictionary/blackletter,legitimate
http://www.oneonlinegames.com/games/girly-games/celebrity-bodyguard,legitimate
https://www.nach-dem-abitur.de/,legitimate
http://smskhoon.blogsky.com,legitimate
http://zgzgay.blogspot.com/,legitimate
http://www.inspiredtaste.net/19516/mimosa-recipe/,legitimate
https://www.newegg.com/Computer-Memory-Solutions/about,legitimate
https://tabs.ultimate-guitar.com/s/sex_pistols/god_save_the_queen_crd.htm,legitimate
http://www.dictionary.com/browse/curry,legitimate
http://www.webopedia.com/TERM/D/domain_name.html,phishing
http://www.yourdictionary.com/tabloid,legitimate
https://www.speakeasy.net/speedtest/,legitimate
http://woolyss.com/tracking-speech-synthesis.php,phishing
http://www.vogella.com/tutorials/JavaAlgorithmsDijkstra/article.html,legitimate
http://dictionary.sensagent.com/Tabloid/da-da/,legitimate
https://www.drivereasy.com/knowledge/solved-bluetooth-peripheral-device-driver-not-found-error-on-windows-7-vista/,legitimate
http://www.wikiwand.com/en/Internet_radio_device,legitimate
http://en.academic.ru/dic.nsf/enwiki/1268353,legitimate
http://www.coolmath-games.com/1-memory-games,legitimate
http://megapelisgratis.blogspot.com/,phishing
http://www.medkrug.ru/,phishing
https://www.torproject.org/,legitimate
http://www.rokuki.com/family-of-discovery-go-channels-launch-on-roku/,legitimate
http://www.nhs.uk/conditions/memory-loss/Pages/Introduction.aspx,legitimate
http://www.columbusonlineauctions.com/cgi-bin/mnhistory.cgi?coa9/1,legitimate
https://en.wikipedia.org/wiki/List_of_CNN_personnel,legitimate
http://conservative.by,legitimate
https://www.wolves.co.uk/,legitimate
http://www.nchsoftware.com/ftp/index.html,phishing
http://en.academic.ru/dic.nsf/enwiki/4160994,legitimate
http://packetlife.net/media/library/32/NAT.pdf,legitimate
http://www.bloghug.com/search-engines/,phishing
http://acronyms.thefreedictionary.com/Thin+Client+Application,phishing
https://www.crossstitch.pk/,legitimate
http://www.bastelitis.de/,legitimate
http://nhprice.com/tutorial-of-firewall-types-and-their-advantages-and-disadvantages.html,legitimate
http://anna-volkova.blogspot.com,legitimate
https://www.eis.at/,legitimate
http://www.wikihow.com/Identify-Passive%E2%80%90Aggressive-Behavior,legitimate
https://www.spked.de/de/home.html,legitimate
http://www.wisegeek.org/what-is-a-hyperlink.htm,legitimate
http://encyclopedia.kids.net.au/page/cl/Cladistics,legitimate
https://slocumthemes.com/2015/01/how-to-content-delivery-network-wordpress/,legitimate
http://hollandshielding.com/,legitimate
http://jugssports.com/batting-cages/,phishing
https://www.bryanhansel.com/,legitimate
https://www.cardinalcommerce.com/,legitimate
https://herbpathy.com/Uses-and-Benefits-of-Mimosa-Pudica-Cid917,legitimate
https://www.coablog.org/,legitimate
https://www.govcert.cz/,legitimate
http://whatismyipaddress.com/tor,phishing
https://en.wikisource.org/wiki/United_Nations_General_Assembly_Resolution_181,legitimate
http://www.istanbuloriental.fi/,phishing
http://www.tsv-birkenau.de/,legitimate
https://www.rottentomatoes.com/m/the_help/,phishing
http://www.yourdictionary.com/font,legitimate
http://xpdrivers.com/video-card/_1_25.cfm,phishing
http://www.eaglecounty.us/Default.aspx,legitimate
http://www.fm-arena.de/,legitimate
http://www.opensecrets.org/cong-cmtes/special,legitimate
http://flights.idealo.com/airline/LATAM-Chile-LA/,legitimate
https://www.ourbaku.com/index.php/%D0%97%D0%B0%D0%B3%D0%BB%D0%B0%D0%B2%D0%BD%D0%B0%D1%8F_%D1%81%D1%82%D1%80%D0%B0%D0%BD%D0%B8%D1%86%D0%B0,phishing
https://www.mihraphaber.com/,legitimate
http://ccmservicios.com.mx,phishing
http://www.idea.org/blog/2011/07/22/open-source-vs-proprietary-software/,legitimate
https://www.freebsdmall.com/cgi-bin/fm/history,legitimate
http://www.newworldencyclopedia.org/entry/Voltaire,legitimate
https://www.al-kutob.com/,legitimate
http://www.stencilwarehouse.com/,legitimate
https://www.hindihelpguru.com/,legitimate
http://www.cmxcinemas.com/,legitimate
https://www.computing.net/answers/windows-vista/how-to-show-menu-bar-in-chrome-browser/13480.html,legitimate
https://twitter.com/optionsxpress,legitimate
http://www.thefair.com/,legitimate
http://www.slideshare.net/rosyqueen98/sms-school,legitimate
https://en.wikipedia.org/wiki/List_of_Microsoft_software,legitimate
http://yourbusiness.azcentral.com/disadvantages-proprietary-software-22441.html,legitimate
https://www.ideo.com/jobs,legitimate
https://www.talenthouse.com,legitimate
http://www.ams.sunysb.edu/~jsbm/papers/p166-mitchell.pdf,legitimate
http://www.mathsisfun.com/geometry/symbols.html,legitimate
http://e-imamu.edu.sa,legitimate
http://in-the-name-of-god1.mihanblog.com,phishing
http://yulearse.tumblr.com,legitimate
https://www.thrillist.com/venue/drink/austin/bar/hopdoddy-burger-bar,legitimate
https://www.massinger-ulm.de,legitimate
https://www.carrierlookup.com/,legitimate
http://californiarealestate.news,legitimate
http://www.accuradio.com/,legitimate
http://www.capotastomusic.com/piano-sheet-music/easy.htm,legitimate
https://www.sihle.com/,legitimate
http://www.thefreedictionary.com/tabloid,legitimate
http://jres6.weebly.com,phishing
http://www.tennisactu.net/,legitimate
http://www.stclair.org/,legitimate
http://djservicepack.com/future-mask-off/,legitimate
http://www.vh1.com/app,phishing
https://www.youtube.com/user/VH1,legitimate
http://moriwajin.blogspot.com/,phishing
https://www.lifewire.com/introduction-to-mac-addresses-817937,legitimate
https://folletto.vorwerk.it/servizi/tutti-i-servizi/folletto-experience-club/,legitimate
http://whatis.techtarget.com/definition/font,legitimate
https://openmodelica.org/home/consortium,legitimate
http://reddit.dynu.net/user/uepe/?after=,phishing
https://www.pneushop.cz/,legitimate
https://chicowhitaker.wordpress.com/,legitimate
http://dictionary.babylon-software.com/latency/,legitimate
https://www.instagram.com/imdbpro/,legitimate
https://www.crazygames.com/game/traffic-collision-2,legitimate
http://jokshet.carrotstown.com/t/2TalYpCZ,phishing
https://www.tfo.com.au/,legitimate
http://www.dictionary.com/browse/commander,legitimate
https://live90m.blogspot.com/,phishing
https://en.wikipedia.org/wiki/Circular_segment,legitimate
https://user.phil-fak.uni-duesseldorf.de/~bontcheva/SS10CTCL/CTCL-IntroNotes.pdf,phishing
http://www.aetv.com/shows/duck-dynasty/cast,legitimate
http://www.chaturbatemales.com/,phishing
https://en.wikipedia.org/wiki/Computer_memory,legitimate
http://www.ultimateturkiye.com/,legitimate
https://www.tyrantcnc.com/,legitimate
https://www.youtube.com/watch?v=iM3PBcenzz8,legitimate
https://cf.press.discovery.com/ugc/highlights/2016/09/08/171037/DFC_Highlights_-_October_2016_-_Final.pdf,legitimate
http://1gg3.tumblr.com,phishing
